DATE_KEY,GUNLUK_GUNESLENME_SURESI_saat,ORTALAMA_GUNLUK_BASINC_hPa,ORTALAMA_GUNLUK_NEM_%,ORTALAMA_GUNLUK_RUZGAR_HIZI,EN_SIK_GUNLUK_RUZGAR_YONU,ORTALAMA_GUNLUK_SICAKLIK_C,TOPLAM_GUNLUK_YAGIS_mm,ORTALAMA_GUNLUK_PM10_µg/m3,ORTALAMA_GUNLUK_PM25_µg/m3,TOPLAM_GUNLUK_GUNES_RADYASYONU
2024-01-01,0.4629629629629629,0.5062177737336986,0.5464329643296434,0.3924812030075187,SW,0.4396859386152748,0.0,0.0160308783053847,0.4118666089216111,0.246031746031746
2024-01-02,0.1296296296296296,0.4328177130724892,0.7578413284132842,0.4225563909774436,SW,0.3783012134189864,0.023076923076923,0.0177029103128545,0.3005630142919013,0.1402116402116402
2024-01-03,0.4814814814814814,0.3739763421292093,0.7489237392373925,0.4466165413533834,SSW,0.3765167737330478,0.0653846153846153,0.0167528921267921,0.2663490688609788,0.1931216931216931
2024-01-04,0.5648148148148148,0.29420685471641,0.5779520295202952,0.6451127819548872,SW,0.4693076374018557,0.0076923076923076,0.0163674561770182,0.2301862278042442,0.3253968253968254
2024-01-06,0.4814814814814814,0.4886260236578708,0.2678351783517835,0.2451127819548872,SSE,0.4229122055674518,0.0,0.3396885026084785,0.4798614118666089,0.3121693121693121
2024-01-07,0.0,0.1549893842887476,0.5777982779827799,0.6120300751879699,SSE,0.4114917915774446,0.4038461538461538,0.5362716943438632,0.3187527067994803,0.1005291005291005
2024-01-08,0.4629629629629629,0.2299059751289061,0.6502152521525216,0.7924812030075188,N,0.3561741613133475,0.3923076923076923,0.1844392449798324,0.0913815504547423,0.298941798941799
2024-01-09,0.0,0.5865938732180775,0.9301968019680196,0.8135338345864661,NNE,0.1167023554603854,0.7076923076923076,0.2643493461160542,0.0725422260718925,0.074074074074074
2024-01-11,0.0,0.6818319684561722,0.6380688806888068,0.2105263157894736,N,0.1084939329050678,0.2615384615384615,0.1750693513275825,0.1305760069294066,0.074074074074074
2024-01-12,0.4166666666666666,0.5125872004852885,0.5919434194341943,0.4571428571428571,NNE,0.0635260528194147,0.0461538461538461,0.0655295401369112,0.2470766565612819,0.298941798941799
2024-01-13,0.2129629629629629,0.6205641492265702,0.5887146371463715,0.1022556390977443,NW,0.0,0.0346153846153846,0.0912994620182729,0.1266782156777826,0.1798941798941799
2024-01-14,0.6944444444444444,0.4865028814073419,0.5662669126691269,0.431578947368421,SW,0.0852962169878658,0.0,0.0905665908461676,0.5210047639670853,0.4444444444444445
2024-01-16,0.1574074074074073,0.2732787382468906,0.750768757687577,0.3699248120300751,NE,0.3008565310492505,0.3653846153846153,0.0152382917044412,0.1801645734084019,0.1534391534391534
2024-01-17,0.3509259259259259,0.6053988474370646,0.5994772447724478,0.4661654135338345,,0.1709493219129193,0.1876923076923076,0.0883896920312474,0.2691641403204851,0.2142857142857142
2024-01-18,0.3564814814814814,0.6023657870791628,0.5988622386223862,0.4646616541353383,,0.1780870806566738,0.1861538461538461,0.0876731068851889,0.2689475963620615,0.2208994708994709
2024-01-19,0.5555555555555555,0.2656960873521378,0.511838868388684,0.7293233082706767,SW,0.5317630264097073,0.0192307692307692,0.0179634867296031,0.1799480294499783,0.3518518518518519
2024-01-21,0.1574074074074073,0.8504701243554729,0.5842558425584256,0.8766917293233082,NE,0.1506067094932191,0.8961538461538462,0.0113567888299576,0.0220874837592031,0.1534391534391534
2024-01-22,0.2777777777777777,0.9805884137094298,0.4305043050430505,0.606015037593985,NE,0.1566738044254104,0.1038461538461538,0.0108627793732051,0.052620181896925,0.2195767195767195
2024-01-23,0.7314814814814815,0.7579617834394901,0.445879458794588,0.3037593984962405,NE,0.1484653818700928,0.0153846153846153,0.0121928048336925,0.158943265482893,0.4841269841269842
2024-01-24,0.2314814814814814,0.7992114043069491,0.747539975399754,0.3157894736842105,NW,0.1552462526766595,0.0269230769230769,0.0121059460281096,0.1130359462970983,0.1666666666666666
2024-01-26,0.4444444444444444,0.5835608128601757,0.7469249692496926,0.2165413533834586,W,0.1784439685938615,0.0653846153846153,0.0181480616914666,0.1916414032048506,0.2328042328042328
2024-01-27,0.4083333333333333,0.5753715498938432,0.5934809348093482,0.4601503759398496,,0.2408993576017131,0.1711538461538461,0.0813487001036877,0.2678648765699437,0.2843915343915344
2024-01-28,0.3796296296296296,0.851986654534422,0.5759532595325955,0.3759398496240601,NNW,0.1466809421841542,0.1653846153846153,0.0114165042587958,0.0632308358596795,0.2195767195767195
2024-01-29,0.1388888888888888,0.9590536851683376,0.8254920049200494,0.4015037593984962,N,0.099214846538187,0.4192307692307692,0.0123393790681135,0.0396275443915114,0.1534391534391534
2024-01-31,0.3148148148148147,0.9441916894146218,0.5713407134071342,0.718796992481203,NNE,0.1805852962169878,0.1269230769230769,0.0101733376038912,0.0,0.2063492063492063
2024-02-01,0.6666666666666666,0.8049742189869561,0.6194649446494466,0.2240601503759398,NNE,0.1541755888650963,0.0,0.0104230566699419,0.0679948029449978,0.3121693121693121
2024-02-02,0.6759259259259258,0.6754625417045788,0.6649753997539976,0.2932330827067668,NNW,0.168807994289793,0.0038461538461538,0.0283322566460557,0.4898224339540926,0.417989417989418
2024-02-03,0.6481481481481481,0.7230815893236244,0.4567958179581796,0.2030075187969924,SW,0.2069950035688793,0.0,0.017436905220757,0.2234733650931139,0.4312169312169312
2024-02-04,0.4722222222222221,0.6005459508644237,0.5810270602706028,0.4796992481203007,SW,0.2798001427551749,0.0,0.0194889445026519,0.3116067561715028,0.2724867724867725
2024-02-06,0.462037037037037,0.5474673946011542,0.5882533825338254,0.4526315789473684,,0.3069236259814418,0.1553846153846154,0.0746497147231104,0.2667821567778259,0.3505291005291005
2024-02-07,0.7222222222222222,0.4328177130724892,0.4477244772447725,0.7443609022556391,SW,0.4975017844396859,0.0,0.0238970288859815,0.3776526634906885,0.5105820105820106
2024-02-08,0.4722222222222221,0.5420078859569303,0.5873308733087331,0.4526315789473684,,0.3194147037830121,0.1523076923076923,0.0733522613147166,0.2663490688609788,0.3637566137566138
2024-02-09,0.4777777777777777,0.5392781316348183,0.5867158671586717,0.4511278195488721,,0.3258386866523911,0.1507692307692307,0.0727062489481941,0.2663490688609788,0.3703703703703703
2024-02-11,0.3425925925925925,0.4085532302092816,0.2100246002460024,0.7293233082706767,SSW,0.5492505353319058,0.0,0.0181372043407688,0.1842789086184495,0.246031746031746
2024-02-12,0.4351851851851852,0.2820746132848062,0.4837023370233703,0.3759398496240601,S,0.4436117059243397,0.0384615384615384,0.0183652087054237,0.2245560848852317,0.2063492063492063
2024-02-13,0.4981481481481481,0.5289657264179569,0.5848708487084872,0.4496240601503758,,0.350463954318344,0.145,0.0701602002095468,0.2656994369857081,0.3941798941798942
2024-02-14,0.5027777777777778,0.5265392781316348,0.584409594095941,0.4481203007518797,,0.3565310492505353,0.1434615384615384,0.0695304738690712,0.2656994369857081,0.4007936507936508
2024-02-16,0.5120370370370371,0.5213830755232042,0.5836408364083642,0.4466165413533834,,0.3686652391149179,0.1403846153846153,0.0682873072141666,0.2654828930272845,0.4126984126984127
2024-02-17,0.5175925925925925,0.518956627236882,0.5831795817958181,0.4466165413533834,,0.3747323340471092,0.1388461538461538,0.0676684382243888,0.265266349068861,0.417989417989418
2024-02-18,0.5222222222222221,0.5165301789505599,0.5827183271832719,0.4466165413533834,,0.3804425410421128,0.1376923076923077,0.0670549979099599,0.265266349068861,0.4246031746031746
2024-02-19,0.5268518518518519,0.5141037306642412,0.5822570725707258,0.4451127819548872,,0.3865096359743041,0.1361538461538461,0.0664415575955311,0.2650498051104374,0.4298941798941799
2024-02-21,0.5361111111111111,0.5092508340916003,0.5814883148831489,0.4436090225563909,,0.3979300499643111,0.1334615384615384,0.0652309629927201,0.2648332611520139,0.4417989417989418
2024-02-22,0.5407407407407407,0.5068243858052782,0.5810270602706028,0.4436090225563909,,0.4036402569593147,0.1319230769230769,0.0646283800289891,0.2646167171935903,0.4470899470899471
2024-02-23,0.5453703703703703,0.5043979375189561,0.5807195571955721,0.4436090225563909,,0.4093504639543183,0.1307692307692307,0.064031225740607,0.2646167171935903,0.4537037037037038
2024-02-24,0.55,0.5019714892326373,0.5802583025830259,0.4421052631578947,,0.4150606709493218,0.1292307692307692,0.0634395001275738,0.2644001732351667,0.458994708994709
2024-02-26,0.5592592592592592,0.4974218986957829,0.5794895448954491,0.4406015037593984,,0.426481084939329,0.1265384615384615,0.0622614775768564,0.2641836292767432,0.4695767195767196
2024-02-27,0.5638888888888889,0.4949954504094642,0.5791820418204182,0.4406015037593984,,0.4318344039971449,0.125,0.0616751806391722,0.2639670853183196,0.4748677248677249
2024-02-28,0.5675925925925925,0.4928723081589319,0.578720787207872,0.4406015037593984,,0.4371877230549607,0.1238461538461538,0.0610943123768369,0.2639670853183196,0.4801587301587302
2024-02-29,0.5722222222222222,0.4904458598726132,0.5784132841328413,0.4390977443609022,,0.4428979300499643,0.1223076923076923,0.0605188727898505,0.2637505413598961,0.4867724867724868
2024-03-01,0.5768518518518518,0.4883227176220809,0.5781057810578106,0.4390977443609022,,0.4482512491077801,0.1211538461538461,0.0599434332028641,0.2635339974014725,0.492063492063492
2024-03-02,0.5805555555555555,0.4858962693357588,0.5776445264452645,0.4375939849624059,,0.4536045681655959,0.1196153846153846,0.0593734222912267,0.2635339974014725,0.4973544973544973
2024-03-03,0.5851851851851851,0.4837731270852299,0.5773370233702338,0.4375939849624059,,0.4589578872234118,0.1184615384615384,0.0588088400549381,0.2633174534430489,0.5026455026455027
2024-03-04,0.5898148148148148,0.4816499848346977,0.5770295202952029,0.4375939849624059,,0.4643112062812277,0.1173076923076923,0.0582442578186496,0.2633174534430489,0.5066137566137566
2024-03-06,0.5981481481481481,0.4774037003336365,0.5764145141451416,0.4360902255639097,,0.4746609564596716,0.1146153846153846,0.0571259506967704,0.2628843655262018,0.5171957671957672
2024-03-07,0.6018518518518519,0.4752805580831076,0.5761070110701109,0.4360902255639097,,0.4800142755174875,0.1134615384615384,0.0565722258111798,0.2628843655262018,0.5224867724867726
2024-03-08,0.0,0.5186533212010922,0.8590098400984011,0.3067669172932331,NE,0.18807994289793,0.1307692307692307,0.0185389263165894,0.2682979644867908,0.1269841269841269
2024-03-09,0.1944444444444444,0.658780709736124,0.93849938499385,0.1654135338345864,NE,0.1834403997144896,0.1961538461538461,0.0148202837025737,0.1457340840190558,0.1666666666666666
2024-03-11,0.6185185185185185,0.4670912951167717,0.5748769987699877,0.4330827067669172,,0.5,0.1084615384615384,0.0543953269962596,0.2622347336509311,0.5423280423280424
2024-03-12,0.6222222222222221,0.4649681528662429,0.574569495694957,0.4330827067669172,,0.5049964311206281,0.1069230769230769,0.0538578881367157,0.2622347336509311,0.5476190476190477
2024-03-13,0.6259259259259259,0.4628450106157106,0.5742619926199263,0.431578947368421,,0.5099928622412562,0.1057692307692307,0.0533204492771718,0.2620181896925076,0.5515873015873016
2024-03-14,0.6296296296296295,0.4610251744009715,0.5739544895448956,0.431578947368421,,0.5149892933618844,0.1046153846153846,0.0527938677683258,0.2620181896925076,0.5568783068783069
2024-03-16,0.6379629629629628,0.4570821959357002,0.5734932349323495,0.4300751879699248,,0.5246252676659529,0.1023076923076923,0.0517461334259827,0.2615851017756604,0.5661375661375662
2024-03-17,0.6416666666666666,0.4552623597209578,0.5731857318573186,0.4300751879699248,,0.5292648108493933,0.1011538461538461,0.0512249805924856,0.2615851017756604,0.5701058201058202
2024-03-18,0.6453703703703703,0.4531392174704289,0.5728782287822879,0.4285714285714285,,0.5339043540328338,0.1,0.0507092564343374,0.2613685578172369,0.5753968253968255
2024-03-19,0.649074074074074,0.4513193812556865,0.5727244772447724,0.4285714285714285,,0.5389007851534617,0.0988461538461538,0.0501935322761892,0.2611520138588133,0.5793650793650794
2024-03-21,0.6564814814814814,0.447679708826205,0.5722632226322265,0.4270676691729322,,0.5478229835831548,0.0965384615384615,0.0491783699859397,0.2609354699003898,0.5886243386243387
2024-03-22,0.6592592592592592,0.445859872611466,0.5719557195571956,0.4270676691729322,,0.5524625267665954,0.0953846153846153,0.0486735031784894,0.2609354699003898,0.5925925925925926
2024-03-23,0.662962962962963,0.4440400363967235,0.5718019680196803,0.4255639097744361,,0.5571020699500356,0.0942307692307692,0.048174065046388,0.2607189259419662,0.5978835978835979
2024-03-24,0.6666666666666666,0.4422202001819845,0.5714944649446494,0.4255639097744361,,0.5613847251962883,0.093076923076923,0.0476800555896355,0.2605023819835427,0.6018518518518519
2024-03-26,0.787037037037037,0.4883227176220809,0.4541820418204182,0.3293233082706767,SW,0.3526052819414703,0.2576923076923077,0.0175454787277356,0.2210913815504547,0.6693121693121693
2024-03-27,0.7777777777777778,0.3660903851986666,0.5041512915129152,0.0947368421052631,E,0.5067808708065668,0.0153846153846153,0.0302920084470188,0.5593330446080554,0.58994708994709
2024-03-28,0.7685185185185185,0.3306035790112213,0.127460024600246,0.2556390977443608,S,0.660956459671663,0.0076923076923076,0.0408887827281265,0.6310090948462538,0.417989417989418
2024-03-29,0.8240740740740741,0.5198665453442515,0.4932349323493236,0.2150375939849623,SW,0.5549607423269094,0.0,0.0497863816250196,0.6435686444348202,0.8015873015873016
2024-03-31,0.8148148148148149,0.5708219593569922,0.3093480934809348,0.356390977443609,SW,0.6573875802997858,0.0,0.0452805810854093,0.7338674750974448,0.828042328042328
2024-04-01,0.898148148148148,0.5277525022747941,0.1851168511685117,0.3639097744360902,SW,0.690578158458244,0.0,0.0369584217755025,0.5846686877436119,0.7222222222222222
2024-04-02,0.8703703703703703,0.3145283591143462,0.0894833948339483,0.4766917293233081,SW,0.7494646680942184,0.0,0.0426856742686217,0.6870939800779557,0.7089947089947091
2024-04-03,0.8425925925925926,0.5253260539884754,0.1851168511685117,0.2947368421052631,NNE,0.5239114917915775,0.0,0.022425857866422,0.2711130359462971,0.7883597883597884
2024-04-04,0.8425925925925926,0.4419168941461946,0.3670049200492005,0.2932330827067668,N,0.4800142755174875,0.0,0.0188266461100826,0.221957557384149,0.8941798941798942
2024-04-06,0.8148148148148149,0.6193509250834108,0.3568573185731858,0.2345864661654135,NNE,0.4917915774446824,0.0,0.0210415456524453,0.2362494586401039,0.880952380952381
2024-04-07,0.7685185185185185,0.5501971489232627,0.5496617466174661,0.5157894736842106,NNE,0.4436117059243397,0.0,0.0191957960338097,0.2520571676050238,0.4973544973544973
2024-04-08,0.8055555555555555,0.6278434940855332,0.6732779827798279,0.593984962406015,NNE,0.439329050678087,0.0,0.0125565260820707,0.0783889129493287,0.8941798941798942
2024-04-09,0.8518518518518517,0.5298756445253264,0.6797355473554737,0.3909774436090225,NNE,0.4671663097787294,0.0,0.0144999918569869,0.148116067561715,0.8677248677248677
2024-04-11,0.8333333333333333,0.6815286624203825,0.7181734317343175,0.3999999999999999,NNE,0.4785867237687366,0.0,0.0160580216821293,0.1801645734084019,0.880952380952381
2024-04-12,0.8148148148148149,0.7042766151046408,0.6765067650676506,0.3473684210526315,NNE,0.5242683797287652,0.0,0.0238698855092368,0.2459939367691641,0.8677248677248677
2024-04-13,0.8055555555555555,0.6927509857446167,0.5951722017220173,0.2872180451127819,NNE,0.5278372591006424,0.0,0.0204389626887143,0.2217410134257254,0.8544973544973545
2024-04-14,0.7962962962962962,0.6745526235972094,0.4266605166051661,0.1218045112781954,NNE,0.5603140613847252,0.0,0.0201892436226636,0.2511909917713296,0.8677248677248677
2024-04-16,0.9537037037037036,0.2851076736427045,0.104551045510455,0.6691729323308271,SW,0.7594575303354746,0.0,0.024233606757615,0.406019922044175,0.8677248677248677
2024-04-17,0.7499999999999999,0.0788595693054298,0.0,0.4225563909774436,SSW,0.7591006423982869,0.0,0.0198960951538215,0.3042442615851018,0.6164021164021165
2024-04-18,0.6388888888888888,0.1143463754928716,0.5874846248462485,0.4075187969924811,NNE,0.5203426124197003,0.0115384615384615,0.0249067625008821,0.3155045474231269,0.4708994708994709
2024-04-19,0.1388888888888888,0.3742796481649991,0.8321033210332104,0.4120300751879698,NE,0.4011420413990006,0.0884615384615384,0.0146628521174548,0.0569510610653962,0.1798941798941799
2024-04-21,0.7962962962962962,0.3973309068850473,0.552429274292743,0.3022556390977443,SSW,0.436830835117773,0.5846153846153845,0.0351615302350073,0.2568211346903422,0.7486772486772487
2024-04-22,0.7962962962962962,0.5389748255990284,0.3982164821648217,0.5142857142857142,NE,0.5503211991434689,0.0,0.0241358906013343,0.429623213512343,0.7751322751322752
2024-04-23,0.787037037037037,0.4713375796178363,0.448339483394834,0.4375939849624059,NNE,0.5513918629550321,0.0038461538461538,0.0138105500876731,0.1795149415331312,0.58994708994709
2024-04-24,0.9259259259259258,0.1558993023961171,0.5727244772447724,0.1413533834586466,S,0.6563169164882228,0.0038461538461538,0.0411927885476664,0.848852317020355,0.6296296296296297
2024-04-26,0.7777777777777778,0.410676372459814,0.7572263222632226,0.3368421052631578,NNE,0.5074946466809421,0.0,0.0634177854261781,0.6483326115201385,0.5767195767195767
2024-04-27,0.9074074074074074,0.5480740066727339,0.7206334563345634,0.6992481203007519,NNE,0.4675231977159172,0.0,0.0171763288040085,0.1459506279774794,0.7486772486772487
2024-04-28,0.1666666666666666,0.6126781922960276,0.9660209102091024,0.3819548872180451,NNE,0.4557458957887223,0.0846153846153846,0.0166280325937667,0.1617583369423993,0.1931216931216931
2024-04-29,0.3425925925925925,0.6618137700940259,0.8554735547355473,0.3729323308270676,NNE,0.4543183440399714,0.0961538461538461,0.0128225311741681,0.1509311390212213,0.2328042328042328
2024-05-01,0.1481481481481481,0.51622687291477,0.9571033210332104,0.4842105263157895,NNE,0.4407566024268379,0.0153846153846153,0.0111070697639069,0.1145517540060632,0.1798941798941799
2024-05-02,0.2592592592592592,0.3585077343039138,0.9263530135301352,0.1142857142857143,W,0.4286224125624553,0.0038461538461538,0.0208786853919775,0.0716760502381983,0.1666666666666666
2024-05-03,0.6759259259259258,0.208371246587807,0.7807503075030751,0.1834586466165413,ENE,0.479300499643112,0.2807692307692307,0.0280499655279115,0.4029883066262451,0.5502645502645503
2024-05-04,0.3703703703703703,0.1895662723688199,0.8896063960639606,0.1398496240601503,ENE,0.4229122055674518,0.173076923076923,0.0136314038011584,0.1782156777825898,0.2592592592592592
2024-05-06,0.7833333333333333,0.3839854413102842,0.5681119311193112,0.4015037593984962,,0.7148465381870092,0.053076923076923,0.0295482799242156,0.2546556951061065,0.7433862433862435
2024-05-07,0.7851851851851852,0.3830755232029112,0.5681119311193112,0.4015037593984962,,0.717701641684511,0.0523076923076923,0.0292008447018842,0.254439151147683,0.746031746031746
2024-05-08,0.787037037037037,0.3821656050955417,0.5681119311193112,0.4015037593984962,,0.7201998572448252,0.0515384615384615,0.0288534094795528,0.254439151147683,0.7473544973544974
2024-05-09,0.7888888888888888,0.3812556869881722,0.5682656826568266,0.3999999999999999,,0.7226980728051392,0.0507692307692307,0.0285114029325704,0.2542226071892594,0.75
2024-05-11,0.7916666666666666,0.3794358507734298,0.5684194341943422,0.3999999999999999,,0.728051391862955,0.0492307692307692,0.0278436758646522,0.2540060632308358,0.7539682539682541
2024-05-12,0.7935185185185185,0.3788292387018501,0.5684194341943422,0.3984962406015037,,0.7301927194860814,0.0488461538461538,0.0275125266683676,0.2537895192724123,0.7566137566137566
2024-05-13,0.7953703703703703,0.3779193205944806,0.5685731857318573,0.3984962406015037,,0.7326909350463954,0.048076923076923,0.0271868061474319,0.2535729753139887,0.7579365079365079
2024-05-14,0.7972222222222222,0.3770094024871111,0.5685731857318573,0.3984962406015037,,0.7351891506067094,0.0473076923076923,0.0268610856264962,0.2535729753139887,0.7605820105820106
2024-05-16,0.8,0.3754928723081585,0.568880688806888,0.3969924812030075,,0.7398286937901499,0.0461538461538461,0.0262259306106716,0.2531398873971416,0.7645502645502646
2024-05-17,0.8018518518518518,0.3748862602365788,0.5690344403444035,0.3969924812030075,,0.7419700214132762,0.0453846153846153,0.0259110674404338,0.2531398873971416,0.7658730158730159
2024-05-18,0.8037037037037036,0.3742796481649991,0.5690344403444035,0.3954887218045112,,0.7441113490364025,0.0446153846153846,0.0256016329455449,0.2529233434387181,0.7671957671957672
2024-05-19,0.8046296296296296,0.3736730360934194,0.5691881918819189,0.3954887218045112,,0.7462526766595289,0.0442307692307692,0.025292198450656,0.2527067994802945,0.7698412698412699
2024-05-21,0.5092592592592592,0.4995450409463152,0.7194034440344405,0.3849624060150375,NE,0.5485367594575303,0.0,0.024689615486925,0.2524902555218709,0.365079365079365
2024-05-22,0.9537037037037036,0.364573855019714,0.7526137761377614,0.4541353383458646,NNE,0.5892219842969307,0.0,0.0243910383427339,0.2522737115634474,0.7089947089947091
2024-05-23,0.7592592592592592,0.3378829238701843,0.6508302583025832,0.3293233082706767,NNE,0.5849393290506781,0.0461538461538461,0.0,0.0420095279341706,0.7751322751322752
2024-05-24,0.9351851851851852,0.440400363967242,0.759840098400984,0.2466165413533834,NW,0.5970735189150607,0.0884615384615384,0.0237124539241179,0.1517973148549155,0.5502645502645503
2024-05-26,0.9074074074074074,0.4813466787989078,0.6943419434194343,0.6165413533834587,NNE,0.5817273376159886,0.0,0.024087032523194,0.2087483759203118,0.8148148148148149
2024-05-27,0.9074074074074074,0.5025781013042171,0.5272140221402215,0.3518796992481202,N,0.5574589578872234,0.0,0.0179580580542541,0.1788653096578605,0.7089947089947091
2024-05-28,0.7777777777777778,0.4297846527145909,0.6174661746617468,0.1894736842105262,NE,0.5596002855103498,0.0,0.0241087472245897,0.2682979644867908,0.5502645502645503
2024-05-29,0.8703703703703703,0.3530482256596899,0.4223554735547355,0.1593984962406015,NNW,0.6556031406138473,0.0,0.0201675289212679,0.22932005197055,0.9470899470899472
2024-05-31,0.8888888888888888,0.4115862905671835,0.3247232472324723,0.2,N,0.7744468236973591,0.0,0.0257319211539192,0.3915114768297964,0.9338624338624338
2024-06-01,0.8796296296296295,0.5232029117379432,0.2939729397293973,0.2285714285714285,SSW,0.807994289793005,0.0,0.0302105783167849,0.4896058899956691,0.9470899470899472
2024-06-02,0.8703703703703703,0.4995450409463152,0.312730627306273,0.156390977443609,NNW,0.837615988579586,0.0,0.0375935767913271,0.6582936336076223,0.9338624338624338
2024-06-03,0.898148148148148,0.445859872611466,0.3214944649446494,0.2390977443609022,NNE,0.863311920057102,0.0,0.0304874407595802,0.5599826764833261,0.9338624338624338
2024-06-04,0.9537037037037036,0.3045192599332748,0.445879458794588,0.1593984962406015,NNE,0.9039971448965024,0.0,0.0307045877735373,0.568427890861845,0.8941798941798942
2024-06-06,0.9629629629629628,0.469214437367304,0.4695571955719557,0.4796992481203007,NNE,0.8126338329764454,0.0,0.0230067261287573,0.3233001299263751,0.8544973544973545
2024-06-07,0.8888888888888888,0.4913557779799827,0.6585178351783519,0.5774436090225564,NE,0.8012134189864383,0.0,0.0178277698458799,0.1905586834127328,0.9074074074074076
2024-06-08,0.8425925925925926,0.3858052775250232,0.6354551045510457,0.4736842105263157,NNE,0.7855103497501784,0.0,0.0145542786104762,0.1411866608921611,0.9470899470899472
2024-06-09,0.8703703703703703,0.3530482256596899,0.5919434194341943,0.4090225563909774,NNE,0.800142755174875,0.0,0.0162100245918993,0.1351234300563014,0.9603174603174603
2024-06-11,0.9722222222222222,0.2620564149226563,0.2286285362853628,0.2511278195488721,SW,0.9903640256959316,0.0,0.027631957526044,0.509311390212213,0.8941798941798942
2024-06-12,0.9537037037037036,0.3585077343039138,0.397140221402214,0.3729323308270676,NNE,0.9493219129193432,0.0,0.0319531831037908,0.5435253356431355,0.9074074074074076
2024-06-13,1.0,0.3676069153776158,0.6236162361623616,0.2210526315789473,NNE,0.9314775160599572,0.0,0.0306123002926056,0.5593330446080554,0.8941798941798942
2024-06-14,0.9259259259259258,0.250834091598422,0.6068573185731859,0.3984962406015037,NNE,0.8112062812276946,0.1423076923076923,0.0263887908711395,0.4540926808142053,0.58994708994709
2024-06-16,0.8703703703703703,0.3609341825902326,0.4560270602706028,0.2781954887218045,NNE,0.7708779443254817,0.0,0.0170514692709831,0.1437851883932438,0.9735449735449736
2024-06-17,0.8611111111111112,0.4379739156809233,0.3311808118081181,0.3278195488721804,NE,0.8236973590292648,0.0,0.0148257123779226,0.126461671719359,0.9735449735449736
2024-06-18,0.8611111111111112,0.5207764634516244,0.7078720787207873,0.6150375939849625,NNE,0.8037116345467523,0.0,0.0219969925138566,0.1572109138155045,0.9735449735449736
2024-06-19,0.8703703703703703,0.5228996057021533,0.6688191881918819,0.6270676691729323,NNE,0.8179871520342612,0.0,0.0137779780355795,0.101342572542226,0.9735449735449736
2024-06-21,0.9166666666666666,0.4895359417652403,0.6937269372693727,0.6225563909774436,NE,0.8372591006423983,0.0,0.0205746795724375,0.1719359029883066,0.9470899470899472
2024-06-22,0.898148148148148,0.3615407946618156,0.5553505535055351,0.637593984962406,NE,0.7862241256245538,0.0,0.0129528193825424,0.0567345171069727,0.9603174603174603
2024-06-23,0.8796296296296295,0.2711555959963617,0.5259840098400985,0.6827067669172932,NE,0.7962169878658101,0.0,0.0152545777304879,0.1169337375487223,0.9867724867724867
2024-06-24,0.8425925925925926,0.3045192599332748,0.6451414514145143,0.5609022556390977,NNE,0.7947894361170592,0.0,0.0185009255891469,0.1388046773495019,0.7619047619047619
2024-06-26,0.9074074074074074,0.4828632089778604,0.5662669126691269,0.544360902255639,NE,0.806566738044254,0.0,0.0148094263518758,0.1084885231702035,1.0
2024-06-27,0.8703703703703703,0.3691234455565684,0.4964637146371464,0.6240601503759399,NE,0.7890792291220556,0.0,0.0154337240170026,0.0937635339974014,0.9867724867724867
2024-06-28,0.9351851851851852,0.2863208977858673,0.5502767527675277,0.7052631578947368,NNE,0.8112062812276946,0.0,0.0170080398681917,0.158943265482893,0.9074074074074076
2024-06-29,0.8425925925925926,0.4070367000303325,0.5953259532595327,0.6165413533834587,NNE,0.8229835831548893,0.0,0.0173391890644763,0.1398873971416197,0.9074074074074076
2024-07-01,0.8518518518518517,0.364573855019714,0.6316113161131613,0.4917293233082706,NNE,0.837615988579586,0.0,0.0184357814849598,0.1903421394543092,0.9867724867724867
2024-07-02,0.9537037037037036,0.1841067637245995,0.5472017220172202,0.350375939849624,NNE,0.871163454675232,0.0,0.0187777880319423,0.1522304027717626,0.9603174603174603
2024-07-03,0.3518518518518518,0.0,0.6514452644526446,0.4015037593984962,NNE,0.8222698072805139,0.0,0.0180123448077434,0.2265049805110437,0.2328042328042328
2024-07-04,0.8055555555555555,0.1583257506824393,0.6150061500615006,0.3458646616541353,N,0.8190578158458244,0.0,0.0166931766979539,0.1032914681680381,0.4708994708994709
2024-07-06,0.0,0.4561722778283307,1.0,0.0,WNW,0.6024268379728764,0.0,0.0249230485269289,0.2061498484192291,0.0608465608465608
2024-07-07,0.8314814814814815,0.3639672429481344,0.5828720787207874,0.3714285714285714,,0.8026409707351891,0.0238461538461538,0.0143968470253573,0.2453443048938934,0.8002645502645502
2024-07-08,0.5277777777777778,0.3721565059144668,0.6402214022140221,0.6330827067669172,NNE,0.9314775160599572,0.0234615384615384,0.021665843317572,0.2516240796881767,0.6296296296296297
2024-07-09,0.8888888888888888,0.350925083409161,0.6957257072570725,0.5037593984962406,NNE,0.9325481798715204,0.0,0.0288479808042039,0.3371589432654829,0.9338624338624338
2024-07-11,0.8888888888888888,0.32666060054595,0.769987699876999,0.318796992481203,N,0.8972162740899358,0.0115384615384615,0.024385609667385,0.1106539627544391,0.417989417989418
2024-07-12,0.8425925925925926,0.3205944798301499,0.75,0.4060150375939849,NNE,0.9068522483940044,0.1807692307692307,0.0241684626534279,0.0463404071026418,0.9074074074074076
2024-07-13,0.9444444444444444,0.2690324537458294,0.6969557195571957,0.431578947368421,NNE,0.916131334760885,0.4653846153846154,0.0275396700451122,0.313988739714162,0.9338624338624338
2024-07-14,0.8796296296296295,0.3099787685774953,0.5293665436654367,0.5187969924812029,NNE,0.9168451106352604,0.0,0.0221924248264181,0.1396708531831962,0.9735449735449736
2024-07-16,0.9629629629629628,0.2911737943585082,0.5919434194341943,0.4646616541353383,NNE,0.945753033547466,0.0,0.0246081853566911,0.2611520138588133,0.8941798941798942
2024-07-17,0.8888888888888888,0.3281771307249027,0.5628843788437884,0.3879699248120301,NNE,0.9907209136331192,0.0,0.0242281780822661,0.2358163707232568,0.9338624338624338
2024-07-18,0.8796296296296295,0.3639672429481344,0.5862546125461255,0.4300751879699248,NNE,1.0,0.0,0.0294397064172371,0.2957990472065829,0.9338624338624338
2024-07-19,0.9444444444444444,0.3585077343039138,0.6869618696186963,0.5293233082706766,NNE,0.9646680942184154,0.0,0.0277948177865119,0.2743611953226505,0.8677248677248677
2024-07-21,0.8703703703703703,0.24173491052472,0.4772447724477245,0.4736842105263157,NE,0.9421841541755888,0.0,0.020688681754765,0.1827631009094846,0.9470899470899472
2024-07-22,0.8796296296296295,0.2569002123142256,0.4940036900369005,0.4255639097744361,NNE,0.9596716630977872,0.0,0.0173120456877317,0.1689042875703768,0.9338624338624338
2024-07-23,1.0,0.2978465271458915,0.5247539975399755,0.4195488721804511,NNE,0.9478943611705924,0.0,0.0206615383780203,0.1736682546556951,0.9074074074074076
2024-07-24,0.787037037037037,0.2305125872004857,0.5393603936039362,0.5203007518796992,NNE,0.92790863668808,0.0038461538461538,0.0175671934291313,0.1658726721524469,0.8412698412698414
2024-07-26,0.8425925925925926,0.2347588717015469,0.715559655596556,0.3157894736842105,N,0.7958600999286225,0.3038461538461539,0.022876437920383,0.0825032481593763,0.6693121693121693
2024-07-27,0.8888888888888888,0.4731574158325753,0.6579028290282903,0.3112781954887217,NE,0.807994289793005,0.1846153846153846,0.0251130521641414,0.1801645734084019,0.828042328042328
2024-07-28,0.8240740740740741,0.5429178040642998,0.6572878228782287,0.431578947368421,NNE,0.875089221984297,0.2192307692307692,0.0221164233715331,0.2425292334343872,0.9206349206349208
2024-07-29,0.8333333333333333,0.3615407946618156,0.4572570725707258,0.5458646616541354,NE,0.9296930763740184,0.0,0.0162588826700396,0.1459506279774794,0.9338624338624338
2024-07-31,0.8333333333333333,0.4349408553230215,0.4560270602706028,0.431578947368421,NNE,0.8197715917201999,0.0,0.0161285944616654,0.1126028583802511,0.8677248677248677
2024-08-01,0.787037037037037,0.3833788292387011,0.4760147601476015,0.4105263157894737,NE,0.8236973590292648,0.0,0.0169591817900514,0.1162841056734517,0.9074074074074076
2024-08-02,0.8333333333333333,0.2735820442826804,0.5553505535055351,0.3789473684210526,NE,0.8236973590292648,0.0,0.0147605682737355,0.095928973581637,0.9338624338624338
2024-08-03,0.8240740740740741,0.18319684561723,0.573339483394834,0.275187969924812,NNE,0.8640256959314776,0.0,0.0177680544170416,0.1006929406669553,0.9470899470899472
2024-08-04,0.8148148148148149,0.2387018501668182,0.4432656826568266,0.3263157894736841,NNE,0.9018558172733762,0.0,0.0193857996710222,0.1019922044174967,0.880952380952381
2024-08-06,0.8425925925925926,0.2635729451016089,0.4677121771217712,0.2631578947368421,NNE,0.8661670235546038,0.0,0.0167366061007453,0.0952793417063663,0.9338624338624338
2024-08-07,0.7962962962962962,0.3791325447376399,0.5355166051660518,0.3518796992481202,N,0.8158458244111348,0.0,0.0160145922793379,0.1305760069294066,0.7619047619047619
2024-08-08,0.8611111111111112,0.3742796481649991,0.5624231242312424,0.3954887218045112,NE,0.8379728765167738,0.0,0.0132188244746399,0.1401039411000433,0.9206349206349208
2024-08-09,0.8240740740740741,0.3585077343039138,0.568880688806888,0.4436090225563909,NNE,0.8886509635974303,0.0,0.0146737094681526,0.1134690342139454,0.8941798941798942
2024-08-11,0.7592592592592592,0.4874127995147114,0.5919434194341943,0.5082706766917293,NNE,0.9043540328336902,0.0,0.0183054932765855,0.1775660459073192,0.8941798941798942
2024-08-12,0.7962962962962962,0.4288747346072179,0.6156211562115622,0.4992481203007518,NE,0.9036402569593148,0.0,0.0167040340486517,0.1624079688176699,0.8677248677248677
2024-08-13,0.1944444444444444,0.3539581437670628,0.5867158671586717,0.5037593984962406,NE,0.8925767309064953,0.0,0.0257156351278724,0.1197488090082286,0.2195767195767195
2024-08-14,0.7685185185185185,0.3873218077039724,0.4464944649446495,0.7578947368421052,NE,0.947180585296217,0.0,0.0158897327463125,0.1461671719359029,0.8941798941798942
2024-08-16,0.7777777777777778,0.4743706399757347,0.4678659286592866,0.4796992481203007,NE,0.8490364025695931,0.0,0.0132025384485931,0.1065396275443915,0.8941798941798942
2024-08-17,0.7685185185185185,0.3873218077039724,0.4157441574415744,0.4917293233082706,NE,0.8404710920770878,0.0,0.0139136949193027,0.1152013858813339,0.880952380952381
2024-08-18,0.787037037037037,0.2881407340006063,0.5452029520295204,0.4676691729323308,NE,0.8215560314061384,0.0,0.0162643113453886,0.1641403204850584,0.880952380952381
2024-08-19,0.787037037037037,0.2984531392174711,0.6211562115621156,0.2601503759398496,NNE,0.8379728765167738,0.0,0.0215626984859424,0.2388479861411866,0.8941798941798942
2024-08-21,0.7037037037037036,0.203821656050956,0.7469249692496926,0.3233082706766917,NNE,0.8315488936473947,0.023076923076923,0.0182457778477473,0.1208315288003464,0.4708994708994709
2024-08-22,0.7777777777777778,0.2356687898089164,0.6269987699876999,0.2676691729323308,NNE,0.8986438258386866,0.0038461538461538,0.0208678280412796,0.1912083152880034,0.8412698412698414
2024-08-23,0.8055555555555555,0.402487109493478,0.5565805658056581,0.3879699248120301,NNE,0.907209136331192,0.0,0.0239838876915643,0.2091814638371589,0.8544973544973545
2024-08-24,0.7777777777777778,0.4661813770094022,0.5535055350553505,0.4421052631578947,NNE,0.8890078515346181,0.0,0.0164271716058564,0.1281940233867475,0.8412698412698414
2024-08-26,0.7685185185185185,0.3136184410069767,0.6143911439114392,0.4240601503759398,NE,0.900785153461813,0.0,0.0189623629938058,0.2035513209181464,0.8544973544973545
2024-08-27,0.6296296296296295,0.3721565059144668,0.6451414514145143,0.312781954887218,NNE,0.8461812990720914,0.123076923076923,0.0245864706552954,0.2100476396708532,0.6560846560846562
2024-08-28,0.7129629629629629,0.4306945708219604,0.7206334563345634,0.1744360902255638,N,0.7851534618129907,0.6269230769230769,0.0210089736003517,0.2265049805110437,0.58994708994709
2024-08-29,0.7777777777777778,0.3378829238701843,0.619618696186962,0.2631578947368421,WNW,0.827266238401142,0.05,0.0252487690478646,0.3226504980511044,0.7883597883597884
2024-08-31,0.7592592592592592,0.301486199575373,0.6757380073800738,0.2526315789473684,W,0.820842255531763,0.0269230769230769,0.0193369415928819,0.2929839757470767,0.6693121693121693
2024-09-01,0.8055555555555555,0.2811646951774332,0.7590713407134072,0.2165413533834586,NNE,0.8083511777301927,0.0,0.0214324102775681,0.2830229536595929,0.4841269841269842
2024-09-02,0.7222222222222222,0.3721565059144668,0.7527675276752769,0.2105263157894736,NNE,0.7915774446823698,0.0,0.0150591454179265,0.1279774794283239,0.58994708994709
2024-09-03,0.7777777777777778,0.4328177130724892,0.6546740467404676,0.1849624060150375,W,0.8386866523911491,0.0038461538461538,0.0246624721101803,0.2631009094846254,0.7222222222222222
2024-09-04,0.8148148148148149,0.4215953897482549,0.7297047970479705,0.3413533834586466,NNE,0.8119200571020699,0.0,0.0347760942852334,0.4835426591598094,0.6825396825396826
2024-09-06,0.8055555555555555,0.435850773430391,0.6047047970479706,0.2616541353383458,NE,0.7840827980014276,0.0,0.0305091554609759,0.4105673451710697,0.8015873015873016
2024-09-07,0.6666666666666666,0.4531392174704289,0.7436961869618697,0.2225563909774436,NW,0.7740899357601713,0.173076923076923,0.0258404946608977,0.3726721524469467,0.5105820105820106
2024-09-08,0.7777777777777778,0.4267515923566891,0.7956642066420664,0.2736842105263157,NW,0.7537473233404711,0.2,0.0198852378031236,0.2132957990472066,0.5634920634920635
2024-09-09,0.7685185185185185,0.355474673946012,0.6963407134071341,0.2631578947368421,E,0.7558886509635975,0.0576923076923076,0.0206561097026714,0.1704200952793417,0.6825396825396826
2024-09-11,0.8148148148148149,0.1689414619350938,0.5464329643296434,0.275187969924812,SSW,0.8344039971448964,0.0,0.0255473461920556,0.3943265482893027,0.58994708994709
2024-09-12,0.7962962962962962,0.3306035790112213,0.4830873308733087,0.2781954887218045,SW,0.8436830835117773,0.0,0.0196355187370729,0.2535729753139887,0.7883597883597884
2024-09-13,0.7685185185185185,0.2484076433121033,0.4452644526445265,0.2060150375939849,SW,0.8536759457530335,0.0,0.0218884190068781,0.3466868774361195,0.7486772486772487
2024-09-14,0.8055555555555555,0.18319684561723,0.3208794587945879,0.4165413533834586,SSW,0.9268379728765168,0.0076923076923076,0.0209709728729092,0.2656994369857081,0.7222222222222222
2024-09-16,0.6296296296296295,0.2741886563542636,0.6296125461254612,0.2135338345864661,ENE,0.6945039257673091,0.1423076923076923,0.0156400136802618,0.1279774794283239,0.5502645502645503
2024-09-17,0.787037037037037,0.469214437367304,0.6220787207872079,0.3548872180451127,NNE,0.6916488222698073,0.0,0.0148908564821098,0.0963620614984842,0.6164021164021165
2024-09-18,0.7777777777777778,0.4928723081589319,0.618849938499385,0.3819548872180451,NNE,0.7030692362598144,0.0,0.0179906301063477,0.2039844088349935,0.5767195767195767
2024-09-19,0.8148148148148149,0.4925690021231421,0.5487392373923741,0.3218045112781955,N,0.6859386152748037,0.0,0.014494563181638,0.1165006496318752,0.5105820105820106
2024-09-21,0.6481481481481481,0.4943888383378846,0.5694956949569496,0.3744360902255638,NNE,0.6955745895788722,0.0192307692307692,0.0164543149826011,0.1362061498484192,0.3518518518518519
2024-09-22,0.6574074074074073,0.473764027904155,0.4683271832718328,0.2781954887218045,N,0.6923625981441827,0.0076923076923076,0.0203195318310379,0.2355998267648333,0.4312169312169312
2024-09-23,0.7592592592592592,0.4652714589020327,0.7759840098400986,0.1458646616541353,WNW,0.631334760885082,0.0038461538461538,0.0261770725325313,0.3443048938934603,0.4444444444444445
2024-09-24,0.7592592592592592,0.5025781013042171,0.7521525215252153,0.1789473684210526,NE,0.6663097787294789,0.1,0.0260739277009017,0.355781723689909,0.6164021164021165
2024-09-26,0.787037037037037,0.5056111616621188,0.8062730627306275,0.2360902255639097,NNE,0.6566738044254103,0.0,0.0216604146422231,0.2845387613685578,0.6693121693121693
2024-09-27,0.6574074074074073,0.4510160752198966,0.775369003690037,0.3654135338345864,NE,0.7298358315488936,0.0,0.0162425966439929,0.2297531398873971,0.5767195767195767
2024-09-28,0.8240740740740741,0.3500151653017915,0.8033517835178352,0.2511278195488721,NE,0.7523197715917201,0.0,0.0235061642608587,0.2477262884365526,0.6693121693121693
2024-09-29,0.8055555555555555,0.2305125872004857,0.7613776137761379,0.281203007518797,NW,0.7369735902926481,0.1653846153846153,0.01200280119648,0.389779125162408,0.6164021164021165
2024-10-01,0.6657407407407407,0.4613284804367614,0.6422201722017221,0.3338345864661654,,0.6623840114204139,0.0392307692307692,0.0148962851574587,0.2314854915547856,0.5886243386243387
2024-10-02,0.662037037037037,0.4634516226872903,0.6431426814268144,0.3338345864661654,,0.6591720199857245,0.0396153846153846,0.0150482880672287,0.2312689475963621,0.5846560846560847
2024-10-03,0.8333333333333333,0.4470730967546253,0.6476014760147601,0.0902255639097744,NW,0.6006423982869379,0.0,0.0553887745851134,0.7767431788653096,0.6428571428571429
2024-10-04,0.6555555555555556,0.467394601152565,0.6449876998769988,0.3323308270676691,,0.6520342612419701,0.0407692307692307,0.0153631512374665,0.2308358596795149,0.5753968253968255
2024-10-06,0.6481481481481481,0.4713375796178363,0.6469864698646988,0.3323308270676691,,0.6448965024982156,0.0419230769230769,0.0156943004337511,0.2306193157210914,0.5661375661375662
2024-10-07,0.6444444444444444,0.4734607218683652,0.6479089790897908,0.3323308270676691,,0.6413276231263383,0.0426923076923076,0.0158625893695679,0.2304027717626678,0.5621693121693122
2024-10-08,0.8148148148148149,0.5935699120412506,0.5327490774907749,0.2556390977443608,NE,0.632762312633833,0.0,0.0113513601546086,0.1017756604590732,0.6957671957671958
2024-10-09,0.7499999999999999,0.3797391568092196,0.5891758917589177,0.3142857142857142,SW,0.6684511063526053,0.0,0.0248524757473928,0.3813339107838891,0.6031746031746031
2024-10-11,0.7962962962962962,0.2863208977858673,0.5292127921279213,0.3082706766917293,SW,0.7726623840114204,0.0,0.0207429685082543,0.3040277176266782,0.5767195767195767
2024-10-12,0.2962962962962963,0.3924780103124065,0.8557810578105782,0.3669172932330827,N,0.6145610278372591,0.0192307692307692,0.0302865797716699,0.3962754439151147,0.1931216931216931
2024-10-13,0.5555555555555555,0.5586897179253885,0.797509225092251,0.281203007518797,N,0.525695931477516,0.05,0.0122253768857861,0.0842355998267648,0.2592592592592592
2024-10-14,0.7499999999999999,0.5465574764937812,0.7469249692496926,0.1067669172932331,E,0.5110635260528194,0.0,0.0155314401732833,0.1695539194456474,0.5370370370370371
2024-10-16,0.6092592592592593,0.4931756141947218,0.6571340713407136,0.3278195488721804,,0.6070663811563168,0.0484615384615384,0.0175400500523867,0.2288869640537029,0.5171957671957672
2024-10-17,0.6055555555555555,0.4956020624810439,0.658210332103321,0.3278195488721804,,0.6027837259100642,0.0492307692307692,0.0177463397156459,0.2286704200952793,0.5132275132275133
2024-10-18,0.6009259259259259,0.4977252047315762,0.6592865928659288,0.3278195488721804,,0.5988579586009992,0.05,0.0179526293789052,0.2284538761368558,0.5079365079365079
2024-10-19,0.5972222222222222,0.5001516530178949,0.660209102091021,0.3278195488721804,,0.5945753033547466,0.0507692307692307,0.0181643477175134,0.2282373321784322,0.5026455026455027
2024-10-21,0.5888888888888889,0.5047012435547459,0.6623616236162363,0.3263157894736841,,0.586366880799429,0.0519230769230769,0.0185932130700787,0.2280207882200086,0.492063492063492
2024-10-22,0.5842592592592591,0.5071276918410681,0.6634378843788439,0.3263157894736841,,0.5820842255531763,0.0526923076923077,0.0188157887593848,0.2278042442615851,0.4867724867724868
2024-10-23,0.5805555555555555,0.5095541401273902,0.6645141451414516,0.3263157894736841,,0.5778015703069236,0.0534615384615384,0.0190383644486908,0.2275877003031615,0.4814814814814815
2024-10-24,0.5759259259259258,0.5119805884137089,0.6655904059040592,0.3248120300751879,,0.573518915060671,0.0542307692307692,0.0192663688133458,0.2273711563447379,0.4761904761904762
2024-10-26,0.5666666666666667,0.5168334849863532,0.6678966789667898,0.3248120300751879,,0.5645967166309779,0.0557692307692307,0.0197278062180047,0.2271546123863144,0.4642857142857143
2024-10-27,0.5629629629629629,0.5192599332726718,0.6689729397293973,0.3248120300751879,,0.5603140613847252,0.0565384615384615,0.0199666679333575,0.2269380684278908,0.458994708994709
2024-10-28,0.5583333333333333,0.5219896875947838,0.6700492004920051,0.3233082706766917,,0.5556745182012848,0.0573076923076923,0.0202055296487104,0.2267215244694673,0.4537037037037038
2024-10-29,0.5537037037037037,0.5244161358811059,0.6711254612546126,0.3233082706766917,,0.5513918629550321,0.058076923076923,0.0204498200394121,0.2265049805110437,0.4484126984126984
2024-10-31,0.5444444444444444,0.5295723384895366,0.6734317343173433,0.3233082706766917,,0.5421127765881513,0.06,0.0209492581715135,0.2262884365526202,0.4365079365079365
2024-11-01,0.7499999999999999,0.70579314528359,0.7726014760147601,0.2616541353383458,NE,0.4582441113490364,0.0,0.0174694772728506,0.2189259419662191,0.5105820105820106
2024-11-02,0.7314814814814815,0.5517136791022154,0.8071955719557196,0.0496240601503759,NW,0.4511063526052819,0.0,0.0293799909883989,0.436985708098744,0.4841269841269842
2024-11-03,0.5555555555555555,0.8316651501364892,0.5175276752767529,0.5533834586466165,NE,0.4182726623840114,0.0769230769230769,0.0281802537362858,0.4547423126894759,0.298941798941799
2024-11-04,0.5092592592592592,0.7203518350015159,0.6048585485854858,0.0902255639097744,WNW,0.3165596002855103,0.0,0.0171003273491235,0.0952793417063663,0.3121693121693121
2024-11-06,0.611111111111111,0.942371853199876,0.3965252152521525,0.4300751879699248,NE,0.3807994289793005,0.0,0.0118996563648504,0.0534863577306193,0.3386243386243386
2024-11-07,0.6388888888888888,1.0,0.5175276752767529,0.556390977443609,NE,0.4403997144896502,0.0,0.010797635269018,0.0554352533564313,0.3783068783068783
2024-11-08,0.6666666666666666,0.889899909008186,0.5804120541205412,0.5263157894736841,NE,0.4589578872234118,0.0,0.0120136585471779,0.0608488523170203,0.4973544973544973
2024-11-09,0.5648148148148148,0.7716105550500465,0.6047047970479706,0.4616541353383458,N,0.4186295503211991,0.0,0.0150102873397862,0.1240796881766998,0.4312169312169312
2024-11-11,0.3425925925925925,0.6800121322414332,0.8257995079950801,0.3533834586466165,NE,0.4354032833690221,0.2038461538461538,0.0149234285342033,0.1058899956691208,0.2195767195767195
2024-11-12,0.2962962962962963,0.7209584470730956,0.7898216482164823,0.4300751879699248,NE,0.4546752319771591,0.0,0.0161720238644568,0.1173668254655695,0.1931216931216931
2024-11-13,0.1481481481481481,0.7300576281467975,0.881457564575646,0.2556390977443608,N,0.4282655246252677,0.023076923076923,0.0152328630290922,0.1052403637938501,0.1402116402116402
2024-11-14,0.4259259259259259,0.6369426751592352,0.8148831488314883,0.2556390977443608,NE,0.4279086366880799,0.0692307692307692,0.012453381250441,0.1177999133824166,0.246031746031746
2024-11-16,0.2685185185185185,0.6763724598119518,0.6130073800738007,0.643609022556391,NE,0.333690221270521,0.05,0.0119865151704332,0.0482893027284538,0.1666666666666666
2024-11-17,0.0,0.4428268122535642,0.7238622386223864,0.4255639097744361,NE,0.360813704496788,0.0269230769230769,0.0102493390587762,0.0920311823300129,0.1005291005291005
2024-11-18,0.2037037037037037,0.3949044585987252,0.8834563345633457,0.1007518796992481,W,0.3547466095645967,0.0346153846153846,0.0213184080952406,0.1520138588133391,0.1534391534391534
2024-11-19,0.6759259259259258,0.5368516833484995,0.7744464944649447,0.0345864661654135,NW,0.2994289793004996,0.0,0.0326317675224068,0.4376353399740146,0.4312169312169312
2024-11-21,0.1296296296296296,0.1286017591750077,0.6931119311193114,0.5187969924812029,SSW,0.407209136331192,0.4769230769230769,0.0186855005510105,0.1938068427890862,0.1269841269841269
2024-11-22,0.7222222222222222,0.3427358204428286,0.5976322263222632,0.5969924812030075,SSW,0.4521770164168451,0.1615384615384615,0.0173011883370338,0.2247726288436553,0.4047619047619047
2024-11-23,0.4296296296296296,0.5935699120412506,0.7011070110701109,0.3142857142857142,,0.4246966452533904,0.0811538461538461,0.0276482435520908,0.2221741013425725,0.2923280423280423
2024-11-24,0.424074074074074,0.5966029723991525,0.7024907749077492,0.3142857142857142,,0.4193433261955746,0.0819230769230769,0.0279848214237244,0.221957557384149,0.2843915343915344
2024-11-26,0.5462962962962963,0.7051865332120103,0.5535055350553505,0.1338345864661654,WNW,0.2123483226266952,0.0038461538461538,0.0211012610812835,0.2031182330012992,0.3915343915343915
2024-11-27,0.0,0.7027600849256916,0.6309963099630997,0.3383458646616541,SW,0.3122769450392577,0.0076923076923076,0.0276916729548822,0.4006063230835859,0.0873015873015873
2024-11-28,0.1851851851851851,0.8219593569912076,0.9338868388683887,0.0075187969924812,ENE,0.2908636688079942,0.0346153846153846,0.0360735476936272,0.4155478562148115,0.1534391534391534
2024-11-29,0.6574074074074073,0.6775856839551111,0.6271525215252153,0.1097744360902255,ENE,0.3286937901498929,0.0115384615384615,0.0310465943205198,0.5181896925075791,0.4047619047619047
2024-12-01,0.1851851851851851,0.6982104943888372,0.6445264452644527,0.7699248120300751,NE,0.3711634546752319,0.0038461538461538,0.0144837058309401,0.1444348202685144,0.1666666666666666
2024-12-02,0.3787037037037036,0.6217773733697295,0.7127921279212792,0.3112781954887217,,0.3729478943611706,0.0903846153846153,0.0307588745270266,0.2204417496751841,0.2288359788359788
2024-12-03,0.3731481481481482,0.6248104337276313,0.7141758917589176,0.3112781954887217,,0.3668807994289793,0.0915384615384615,0.0311225957754048,0.2202252057167605,0.2208994708994709
2024-12-04,0.0,0.5890203215043996,0.9538745387453876,0.1609022556390977,N,0.3033547466095646,0.4076923076923077,0.013587974398367,0.1061065396275443,0.1005291005291005
2024-12-06,0.6203703703703703,0.6521079769487408,0.7815190651906521,0.0917293233082706,NE,0.3404710920770877,0.0192307692307692,0.0216821293436188,0.2845387613685578,0.3783068783068783
2024-12-07,0.5,0.4540491355777984,0.429889298892989,0.281203007518797,SE,0.4489650249821556,0.0,0.0285602610107107,0.4883066262451277,0.246031746031746
2024-12-08,0.5,0.3448589626933575,0.701260762607626,0.237593984962406,ENE,0.4207708779443254,0.0307692307692307,0.0206778244040671,0.2793417063663924,0.298941798941799
2024-12-09,0.3796296296296296,0.4397937518956623,0.8090405904059041,0.2360902255639097,ESE,0.4860813704496788,0.2576923076923077,0.0217147013957124,0.2498917280207882,0.2724867724867725
2024-12-11,0.3249999999999999,0.6511980588413713,0.7250922509225094,0.3082706766917293,,0.3179871520342612,0.1007692307692307,0.0341409392694088,0.2187093980077956,0.1613756613756613
2024-12-12,0.3194444444444444,0.6545344252350629,0.7264760147601476,0.3082706766917293,,0.3115631691648822,0.1019230769230769,0.0345372325698806,0.2187093980077956,0.1547619047619047
2024-12-13,0.1203703703703703,0.9493478920230491,0.7539975399753999,0.2947368421052631,NE,0.1934332619557459,0.2461538461538461,0.015857160694219,0.1554785621481161,0.1137566137566137
2024-12-14,0.6481481481481481,0.9432817713072524,0.457410824108241,0.2060150375939849,E,0.1873661670235546,0.073076923076923,0.0148854278067608,0.1981377219575573,0.4047619047619047
2024-12-16,0.2944444444444444,0.6684865028814091,0.7320110701107011,0.3067669172932331,,0.2858672376873661,0.1069230769230769,0.0361386917978144,0.2178432221741013,0.123015873015873
2024-12-17,0.2879629629629629,0.6718228692750974,0.733548585485855,0.3067669172932331,,0.2790863668807994,0.108076923076923,0.0365512711243329,0.2176266782156778,0.115079365079365
2024-12-18,0.2814814814814814,0.6754625417045788,0.7349323493234934,0.3067669172932331,,0.2726623840114204,0.1092307692307692,0.0369638504508514,0.2174101342572542,0.1071428571428571
2024-12-19,0.275,0.6787989080982705,0.7363161131611315,0.3067669172932331,,0.2658815132048537,0.1103846153846153,0.03737642977737,0.2174101342572542,0.0992063492063492
2024-12-21,0.2629629629629629,0.6860782529572335,0.7392373923739239,0.3052631578947368,,0.2526766595289079,0.113076923076923,0.0382233031318028,0.2169770463404071,0.0833333333333333
2024-12-22,0.2564814814814815,0.6894146193509251,0.7406211562115621,0.3052631578947368,,0.2458957887223412,0.1142307692307692,0.0386467398090192,0.2167605023819835,0.0753968253968254
2024-12-23,0.537037037037037,0.2438580527752523,0.6236162361623616,0.1894736842105262,E,0.3019271948608136,0.0269230769230769,0.0227678644134044,0.4077522737115634,0.3121693121693121
2024-12-24,0.2425925925925925,0.696693964209888,0.7435424354243542,0.3052631578947368,,0.2323340471092077,0.1169230769230769,0.0395098991894987,0.2163274144651364,0.0582010582010582
2024-12-26,0.2296296296296296,0.703973309068851,0.7464637146371466,0.3037593984962405,,0.2184154175588865,0.1196153846153846,0.0403893445960251,0.2158943265482893,0.0423280423280423
2024-12-27,0.0,0.687594783136186,0.8543972939729398,0.5684210526315789,NNE,0.1770164168451106,0.0961538461538461,0.0111342131406515,0.070376786487657,0.074074074074074
2024-12-28,0.2166666666666666,0.711252653927814,0.7495387453874539,0.3037593984962405,,0.2044967880085653,0.1223076923076923,0.0412796473532493,0.2156777825898657,0.0251322751322751
2024-12-29,0.2092592592592592,0.7151956323930853,0.7509225092250923,0.3037593984962405,,0.1973590292648108,0.1234615384615384,0.0417302274072103,0.2154612386314422,0.0171957671957672
2024-12-31,0.1962962962962963,0.7224749772520448,0.7539975399753999,0.3022556390977443,,0.1834403997144896,0.1261538461538461,0.0426368161904813,0.2150281507145951,0.0
2025-01-01,0.6388888888888888,0.9651198058841344,0.8334870848708488,0.0300751879699248,NNW,0.1613133476088508,0.0,0.0430982535951402,0.2148116067561715,0.4047619047619047
